date,stock_id,link,source,title,sentiment_score
2021-01-03 08:00:00,0050,https://money.udn.com/money/story/5607/5144163,經濟日報,0050勇奪2020年ETF吸金王 2021三趨勢最火 - 經濟日報,0.0
2021-01-07 08:00:00,0050,https://money.udn.com/money/story/5618/5155938?from=edn_referralnews_story_ch5592,經濟日報,拚火速填息！0050將於22日除息3.05元殖利率2.36% | 基金天地| 理財 - 經濟日報,0.0
2021-01-07 08:00:00,0050,https://money.udn.com/money/story/5618/5155938,經濟日報,拚火速填息！0050將於22日除息3.05元 殖利率2.36% - 經濟日報,0.1
2021-01-13 08:00:00,0050,https://money.udn.com/money/story/5618/5171748,經濟日報,0056晉升第三大ETF！與0050、00632R包辦前三強 - 經濟日報,0.0
2021-01-15 08:00:00,0050,https://udn.com/news/story/7251/5176455,經濟日報,0050總報酬率衝上543% 22日將除息3.05元 - 經濟日報,0.0
2021-01-17 08:00:00,0050,https://ctee.com.tw/news/fund/403149.html,工商時報,長抱0050 小資族也能配息、價差兩頭賺 - 工商時報,0.0
2021-01-18 08:00:00,0050,https://ctee.com.tw/wealth/tutor/404247.html,工商時報,進場前猶豫了？你可能不懂0050迷人之處 - 工商時報,0.0
2021-01-20 08:00:00,0050,https://ctee.com.tw/wealth/tutor/405770.html,工商時報,買了0050之後呢？一動作為投組加分 - 工商時報,0.0
2021-01-22 08:00:00,0050,https://news.cnyes.com/news/id/4562560,Anue鉅亨,0050除息首日貼息平均完成填息約28天| Anue鉅亨- 台股新聞 - Anue鉅亨,0.0
2021-01-22 08:00:00,0050,https://news.cnyes.com/news/id/4562560,Anue鉅亨,0050除息首日貼息 平均完成填息約28天 - Anue鉅亨,0.0
2021-02-03 08:00:00,0050,https://money.udn.com/money/story/5618/5229157?from=edn_referralnews_story_ch5592,經濟日報,債券版「小0050」來了！中信ESG債券ETF明掛牌| 基金天地| 理財 - 經濟日報,0.0
2021-02-03 08:00:00,0050,https://money.udn.com/money/story/5618/5229157?from=edn_referralnews_story_ch5592,經濟日報,債券版「小0050」來了！中信ESG債券ETF明掛牌 - 經濟日報,0.0
2021-02-07 08:00:00,0050,https://ctee.com.tw/news/stock/415214.html,工商時報,小資族買台積電、0050、0056？施昇輝：1關鍵判斷 - 工商時報,0.0
2021-02-08 08:00:00,0050,https://money.udn.com/money/story/5618/5241986,經濟日報,0050連結基金暴漲80% 2月起申購享零手續費| 基金天地| 理財 - 經濟日報,0.0
2021-02-08 08:00:00,0050,https://money.udn.com/money/story/5618/5241986,經濟日報,0050連結基金暴漲80% 2月起申購享零手續費 - 經濟日報,0.0
2021-02-08 10:13:28,0050,https://money.udn.com/money/story/5618/5241986,經濟日報,0050連結基金暴漲80% 2月起申購享零手續費| 基金天地| 理財 - 經濟日報,0.0
2021-02-08 10:13:28,0050,https://money.udn.com/money/story/5618/5241986,經濟日報,0050連結基金暴漲80% 2月起申購享零手續費 - 經濟日報,0.0
2021-02-09 08:00:00,0050,https://tw.stock.yahoo.com/news/%E9%80%80%E4%BC%91%E9%87%91%E8%B2%B7%E5%93%AA%E5%80%8Bet-f%E5%A5%BD-0056-%E5%B0%8D%E6%B1%BA-0050-%E9%80%99%E6%AA%94%E6%8A%B1%E4%B8%89%E5%B9%B4%E5%A4%9A-90-%E8%90%AC-032306842.html,Yahoo奇摩股市,退休金買哪個ETF好？0056對決0050：「這檔」抱三年多90萬！ - Yahoo奇摩股市,0.0
2021-02-16 08:00:00,0050,https://ctee.com.tw/wealth/tutor/413806.html,工商時報,按表操課打贏心理戰0050大賺24%完勝 - 工商時報,0.0
2021-02-19 08:00:00,0050,https://money.udn.com/money/story/5607/5261619,經濟日報,定期定額就愛買台股0050、0056人氣十倍速成長| 市場焦點| 證券 - 經濟日報,0.0
2021-02-19 08:00:00,0050,https://money.udn.com/money/story/5607/5261619,經濟日報,定期定額就愛買台股 0050、0056人氣十倍速成長 - 經濟日報,0.0
2021-03-05 08:00:00,0050,https://money.udn.com/money/story/5613/5297436?from=edn_search_tag_result,經濟日報,"2,000億元資金將調整！0050新增亞德客、南電| 金融脈動| 金融 - 經濟日報",0.3
2021-03-05 09:41:25,0050,https://money.udn.com/money/story/5613/5297436,經濟日報,"2,000億元資金將調整！0050新增亞德客、南電 - 經濟日報",0.3
2021-03-05 22:06:24,0050,https://money.udn.com/money/story/5607/5298355,經濟日報,0050、0056買誰好？從成分股、配息分析熱門ETF優缺點 - 經濟日報,0.0
2021-03-05 22:09:15,0050,https://money.udn.com/money/story/5607/5298355,經濟日報,0050、0056買誰好？從成分股、配息分析熱門ETF優缺點 - 經濟日報,0.0
2021-03-05 22:09:15,0050,https://money.udn.com/money/story/5607/5298355,經濟日報,0050、0056買誰好？從成分股、配息分析熱門ETF優缺點| 市場焦點| 證券| 經濟日報 - 經濟日報,0.0
2021-03-06 08:00:00,0050,https://money.udn.com/money/story/5607/5298355,經濟日報,0050、0056買誰好？從成分股、配息分析熱門ETF優缺點| 市場焦點| 證券| 經濟日報 - 經濟日報,0.0
2021-03-06 08:00:00,0050,https://money.udn.com/money/story/5607/5298355,經濟日報,0050、0056買誰好？從成分股、配息分析熱門ETF優缺點| 市場焦點| 證券 - 經濟日報,0.0
2021-03-06 08:00:00,0050,https://money.udn.com/money/story/5607/5298355,經濟日報,0050、0056買誰好？從成分股、配息分析熱門ETF優缺點 - 經濟日報,0.0
2021-03-10 08:00:00,0050,https://ctee.com.tw/wealth/tutor/427382.html,工商時報,0050、0056、00881該買哪檔?全解析(上) - 工商時報,0.0
2021-03-10 13:37:00,0050,https://ctee.com.tw/wealth/tutor/427382.html,工商時報,0050、0056、00881該買哪檔?全解析(上) - 工商時報,0.0
2021-03-13 03:34:45,0050,https://ctee.com.tw/news/real-estate/429258.html,工商時報,該買房還是0050？專家：小資族買房得考慮「三宅一生」 - 工商時報,0.0
2021-03-13 08:00:00,0050,https://ctee.com.tw/news/real-estate/429258.html,工商時報,該買房還是0050？專家：小資族買房得考慮「三宅一生」 - 工商時報,0.0
2021-03-14 08:00:00,0050,https://ctee.com.tw/wealth/tutor/429345.html,工商時報,0056VS.0050！買這檔ETF退休金多90萬 - 工商時報,0.0
2021-03-16 01:52:00,0050,https://tw.stock.yahoo.com/news/%E5%8F%B0%E7%A9%8D%E9%9B%BB-0050%E4%B8%8D%E5%9C%A8%E6%A6%9C%E4%B8%8A-2020%E5%B9%B4%E8%BC%95%E4%BA%BA%E6%9C%80%E6%84%9B%E8%82%A1%E7%A5%A8%E5%87%BA%E7%88%90-%E7%AC%AC-%E5%90%8D%E6%98%AF-015200015.html,Yahoo奇摩股市,台積電、0050不在榜上！ 2020年輕人最愛股票出爐，第一名是「它」 - Yahoo奇摩股市,0.0
2021-03-16 07:00:00,0050,https://tw.stock.yahoo.com/news/%E5%8F%B0%E7%A9%8D%E9%9B%BB-0050%E4%B8%8D%E5%9C%A8%E6%A6%9C%E4%B8%8A-2020%E5%B9%B4%E8%BC%95%E4%BA%BA%E6%9C%80%E6%84%9B%E8%82%A1%E7%A5%A8%E5%87%BA%E7%88%90-%E7%AC%AC-%E5%90%8D%E6%98%AF-015200015.html?bcmt=1,Yahoo奇摩股市,台積電、0050不在榜上！ 2020年輕人最愛股票出爐，第一名是「它」 - Yahoo奇摩股市,0.0
2021-03-18 05:22:21,0050,https://money.udn.com/money/story/5607/5326755,經濟日報,0056創新高跑贏0050！法人高喊「還能買」 - 經濟日報,0.2
2021-03-18 05:25:46,0050,https://money.udn.com/money/story/5607/5326755,經濟日報,0056創新高跑贏0050！法人高喊「還能買」 - 經濟日報,0.2
2021-03-18 07:00:00,0050,https://money.udn.com/money/story/5607/5326755,經濟日報,0056創新高跑贏0050！法人高喊「還能買」 | 市場焦點| 證券| 經濟日報 - 經濟日報,0.2
2021-03-18 07:00:00,0050,https://money.udn.com/money/story/5607/5326755,經濟日報,0056創新高跑贏0050！法人高喊「還能買」 | 市場焦點| 證券 - 經濟日報,0.2
2021-03-18 07:00:00,0050,https://money.udn.com/money/story/5607/5326755,經濟日報,0056創新高跑贏0050！法人高喊「還能買」 - 經濟日報,0.3
2021-04-08 07:00:00,0050,https://money.udn.com/money/story/12972/5374513,經濟日報,0050風險竟然比垃圾債還高？金管會要改規定| 投資理財| 會員專區| 經濟日報 - 經濟日報,0.0
2021-04-08 07:00:00,0050,https://money.udn.com/money/story/12040/5374513,經濟日報,0050風險竟然比垃圾債還高？金管會要改規定| 個人理財| 理財| 經濟日報 - 經濟日報,0.0
2021-04-08 07:00:00,0050,https://money.udn.com/money/story/12040/5374513,經濟日報,0050風險竟然比垃圾債還高？金管會要改規定| 個人理財| 理財 - 經濟日報,0.0
2021-04-08 08:00:28,0050,https://money.udn.com/money/story/12040/5374513,經濟日報,0050風險竟然比垃圾債還高？金管會要改規定| 個人理財| 理財| 經濟日報 - 經濟日報,0.0
2021-04-08 08:00:28,0050,https://money.udn.com/money/story/12972/5374513?from=edn_catenewest_story,經濟日報,0050風險竟然比垃圾債還高？金管會要改規定| 投資理財| 會員專區| 經濟日報 - 經濟日報,0.0
2021-04-08 08:05:05,0050,https://money.udn.com/money/story/12040/5374513,經濟日報,0050風險竟然比垃圾債還高？金管會要改規定| 個人理財| 理財 - 經濟日報,0.0
2021-04-10 07:00:00,0050,https://ctee.com.tw/wealth/tutor/443341.html,工商時報,存金融股風險比較小？分析0050、0055、玉山金、兆豐金數據告訴你是否誤會大了！ - 工商時報,0.0
2021-04-10 15:47:00,0050,https://ctee.com.tw/wealth/tutor/443341.html,工商時報,存金融股風險比較小？分析0050、0055、玉山金、兆豐金數據告訴你是否誤會大了！ - 工商時報,0.0
2021-04-12 16:25:21,0050,https://money.udn.com/money/story/5607/5383909,經濟日報,小資版0050 績效亮眼 - 經濟日報,0.0
2021-04-12 17:00:00,0050,https://ctee.com.tw/news/stock/444096.html,工商時報,小資版0050 掛牌來漲逾4成 - 工商時報,0.0
2021-04-13 00:21:02,0050,https://ctee.com.tw/news/stock/444288.html,工商時報,4/13盤前掃描》小資版0050 掛牌來漲4成 - 工商時報,0.2
2021-04-13 00:46:22,0050,https://money.udn.com/money/story/5618/5384119?from=edn_catehotlist_story,經濟日報,小資版0050發威 020020掛牌以來漲幅近42% - 經濟日報,0.0
2021-04-13 07:00:00,0050,https://money.udn.com/money/story/5618/5384119?from=edn_catenewest_story,經濟日報,小資版0050發威 020020掛牌以來漲幅近42% - 經濟日報,0.0
2021-04-13 07:00:00,0050,https://money.udn.com/money/story/5607/5383909,經濟日報,小資版0050 績效亮眼 - 經濟日報,0.0
2021-04-13 07:00:00,0050,https://ctee.com.tw/news/stock/444096.html,工商時報,小資版0050 掛牌來漲逾4成 - 工商時報,0.0
2021-04-16 03:58:05,0050,https://ctee.com.tw/news/stock/446221.html,工商時報,小資族定期定額最愛0050、0056跟台積電 - 工商時報,0.0
2021-04-16 07:00:00,0050,https://ctee.com.tw/news/stock/446221.html,工商時報,小資族定期定額最愛0050、0056跟台積電 - 工商時報,0.0
2021-04-18 01:01:03,0050,https://tw.stock.yahoo.com/news/%E7%AC%AC%E4%B8%89%E4%BA%BA%E7%94%9F%E7%9A%84%E6%A8%82%E6%B4%BB%E6%8F%90%E6%A1%88-%E8%A9%B2%E8%BF%BD%E6%B1%82%E6%AF%940050%E6%9B%B4%E5%A5%BD%E7%9A%84etf%E5%97%8E-010103548.html,Yahoo奇摩股市,第三人生的樂活提案 該追求比0050更好的ETF嗎？ - Yahoo奇摩股市,0.0
2021-04-18 07:00:00,0050,https://news.cnyes.com/news/id/4631194,Anue鉅亨,富邦越南挾台版0050氣勢漲幅、溢價飆9% 躍ETF成交之冠 - Anue鉅亨,0.2
2021-04-18 07:00:00,0050,https://tw.stock.yahoo.com/news/%E7%86%B1%E9%96%80%E6%97%8F%E7%BE%A4-0050-0056-%E5%8F%B0%E7%A9%8D%E9%9B%BB-%E5%B0%8F%E8%B3%87%E6%97%8F%E9%8D%BE%E6%84%9B-233305176.html,Yahoo奇摩股市,《熱門族群》0050、0056、台積電 小資族鍾愛 - Yahoo奇摩股市,0.0
2021-04-18 07:00:00,0050,https://tw.stock.yahoo.com/news/%E7%87%92%E8%85%A6%E9%A1%8C%EF%BC%9A-1-%E8%90%AC%E5%85%83%E7%9A%84-0050-%E8%88%87-1-%E8%90%AC%E5%85%83%E7%9A%84-0056-%E5%93%AA%E5%80%8B%E8%B2%B4%EF%BC%9F%E9%82%A3-1-%E5%85%AC%E6%96%A4%E7%9A%84%E9%90%B5%E8%88%87-1-%E5%85%AC%E6%96%A4%E7%9A%84%E6%A3%89%E8%8A%B1%E5%91%A2%EF%BC%9F-040853669.html,Yahoo奇摩股市,燒腦題：1萬元的0050與1萬元的0056哪個貴？那1公斤的鐵與1公斤的棉花呢？ - Yahoo奇摩股市,0.0
2021-04-18 17:00:00,0050,https://ctee.com.tw/news/stock/447020.html,工商時報,0050、0056、台積電小資族鍾愛 - 工商時報,0.0
2021-04-19 03:24:51,0050,https://news.cnyes.com/news/id/4631194,Anue鉅亨,富邦越南挾台版0050氣勢漲幅、溢價飆9% 躍ETF成交之冠 - Anue鉅亨,0.2
2021-04-19 04:08:53,0050,https://tw.stock.yahoo.com/news/%E7%87%92%E8%85%A6%E9%A1%8C%EF%BC%9A-1-%E8%90%AC%E5%85%83%E7%9A%84-0050-%E8%88%87-1-%E8%90%AC%E5%85%83%E7%9A%84-0056-%E5%93%AA%E5%80%8B%E8%B2%B4%EF%BC%9F%E9%82%A3-1-%E5%85%AC%E6%96%A4%E7%9A%84%E9%90%B5%E8%88%87-1-%E5%85%AC%E6%96%A4%E7%9A%84%E6%A3%89%E8%8A%B1%E5%91%A2%EF%BC%9F-040853669.html,Yahoo奇摩股市,燒腦題：1萬元的0050與1萬元的0056哪個貴？那1公斤的鐵與1公斤的棉花呢？ - Yahoo奇摩股市,0.0
2021-04-19 07:00:00,0050,https://tw.stock.yahoo.com/news/%E7%86%B1%E9%96%80%E6%97%8F%E7%BE%A4-0050-0056-%E5%8F%B0%E7%A9%8D%E9%9B%BB-%E5%B0%8F%E8%B3%87%E6%97%8F%E9%8D%BE%E6%84%9B-233305176.html,Yahoo奇摩股市,《熱門族群》0050、0056、台積電 小資族鍾愛 - Yahoo奇摩股市,0.0
2021-04-19 07:00:00,0050,https://ctee.com.tw/news/stock/447020.html,工商時報,0050、0056、台積電小資族鍾愛 - 工商時報,0.0
2021-04-19 07:00:00,0050,https://tw.stock.yahoo.com/news/%E7%87%92%E8%85%A6%E9%A1%8C%EF%BC%9A-1-%E8%90%AC%E5%85%83%E7%9A%84-0050-%E8%88%87-1-%E8%90%AC%E5%85%83%E7%9A%84-0056-%E5%93%AA%E5%80%8B%E8%B2%B4%EF%BC%9F%E9%82%A3-1-%E5%85%AC%E6%96%A4%E7%9A%84%E9%90%B5%E8%88%87-1-%E5%85%AC%E6%96%A4%E7%9A%84%E6%A3%89%E8%8A%B1%E5%91%A2%EF%BC%9F-040853669.html,Yahoo奇摩股市,燒腦題：1萬元的0050與1萬元的0056哪個貴？那1公斤的鐵與1公斤的棉花呢？ - Yahoo奇摩股市,0.0
2021-04-20 07:00:00,0050,https://ctee.com.tw/wealth/tutor/447432.html,工商時報,投資阿格力開示！0050對決0056 哪檔最適合小資存股？ - 工商時報,0.0
2021-04-21 07:00:00,0050,https://money.udn.com/money/story/12972/5404390,經濟日報,這些基金神複製0050、0056 吸走小資族億元資金| 投資理財| 會員專區| 經濟日報 - 經濟日報,0.0
2021-04-21 11:59:32,0050,https://money.udn.com/money/story/12972/5404390?from=edn_breaknewstab_index,經濟日報,這些基金神複製0050、0056 吸走小資族億元資金| 投資理財| 會員專區| 經濟日報 - 經濟日報,0.0
2021-05-02 16:30:00,0050,https://ctee.com.tw/wealth/tutor/454346.html,工商時報,1年50萬現金流的3種方法0050、0056該怎麼做？ - 工商時報,0.0
2021-05-03 07:00:00,0050,https://ctee.com.tw/wealth/tutor/454346.html,工商時報,1年50萬現金流的3種方法0050、0056該怎麼做？ - 工商時報,0.0
2021-05-06 04:59:08,0050,https://udn.com/news/story/7240/5437807,經濟日報,"單日增300億元！ 0050規模飆1,631億元新高 - 經濟日報",0.2
2021-05-06 04:59:20,0050,https://money.udn.com/money/story/5607/5437807,經濟日報,"單日增300億元！0050規模飆1,631億元新高 - 經濟日報",0.2
2021-05-06 07:00:00,0050,https://money.udn.com/money/story/5607/5437807,經濟日報,"單日增300億元！0050規模飆1,631億元新高 - 經濟日報",0.2
2021-05-06 07:00:00,0050,https://money.udn.com/money/story/5612/5437807,經濟日報,單日增300億元！0050規模飆1631億元新高| 市場焦點| 證券| 經濟日報 - 經濟日報,0.2
2021-05-06 07:00:00,0050,https://money.udn.com/money/story/5612/5437807,經濟日報,單日增300億元！0050規模飆1631億元新高| 市場焦點| 證券 - 經濟日報,0.2
2021-05-07 03:38:34,0050,https://tw.stock.yahoo.com/news/%E3%80%8C%E8%B6%8A%E5%8D%97%E7%89%88-0050-%E3%80%8D-00885-%E6%8E%9B%E7%89%8C%E5%85%A9%E5%A4%A9-%E6%BC%94%E5%87%BA%E6%88%B2%E5%8A%87%E6%80%A7%E8%A1%8C%E6%83%85-%E6%8F%AD%E9%96%8B%E8%B6%8A%E5%8D%97%E5%9F%BA%E9%87%91%E5%8B%9F%E5%88%B0%E7%88%86%E7%9A%84%E7%A7%98%E5%AF%86-033834511.html,Yahoo奇摩股市,「越南版0050」00885掛牌兩天演出戲劇性行情揭開越南基金募到爆的秘密 - Yahoo奇摩股市,0.2
2021-05-07 03:38:34,0050,https://tw.stock.yahoo.com/news/%E3%80%8C%E8%B6%8A%E5%8D%97%E7%89%88-0050-%E3%80%8D-00885-%E6%8E%9B%E7%89%8C%E5%85%A9%E5%A4%A9-%E6%BC%94%E5%87%BA%E6%88%B2%E5%8A%87%E6%80%A7%E8%A1%8C%E6%83%85-%E6%8F%AD%E9%96%8B%E8%B6%8A%E5%8D%97%E5%9F%BA%E9%87%91%E5%8B%9F%E5%88%B0%E7%88%86%E7%9A%84%E7%A7%98%E5%AF%86-033834511.html,Yahoo奇摩股市,「越南版0050」00885掛牌兩天 演出戲劇性行情 揭開越南基金募到爆的秘密 - Yahoo奇摩股市,0.2
2021-05-07 07:00:00,0050,https://tw.stock.yahoo.com/news/%E3%80%8C%E8%B6%8A%E5%8D%97%E7%89%88-0050-%E3%80%8D-00885-%E6%8E%9B%E7%89%8C%E5%85%A9%E5%A4%A9-%E6%BC%94%E5%87%BA%E6%88%B2%E5%8A%87%E6%80%A7%E8%A1%8C%E6%83%85-%E6%8F%AD%E9%96%8B%E8%B6%8A%E5%8D%97%E5%9F%BA%E9%87%91%E5%8B%9F%E5%88%B0%E7%88%86%E7%9A%84%E7%A7%98%E5%AF%86-033834511.html,Yahoo奇摩股市,「越南版0050」00885掛牌兩天 演出戲劇性行情 揭開越南基金募到爆的秘密 - Yahoo奇摩股市,0.2
2021-05-08 07:00:00,0050,https://money.udn.com/money/story/12972/5443726,經濟日報,不是0050、0056！這些台股ETF「十倍速」吸金| 投資理財| 會員專區| 經濟日報 - 經濟日報,0.0
2021-05-08 07:00:00,0050,https://money.udn.com/money/story/12972/5443726,經濟日報,不是0050、0056！這些台股ETF「十倍速」吸金| 投資理財| 會員專區 - 經濟日報,0.0
2021-05-08 14:17:32,0050,https://money.udn.com/money/story/12972/5443726,經濟日報,不是0050、0056！這些台股ETF「十倍速」吸金| 投資理財| 會員專區| 經濟日報 - 經濟日報,0.0
2021-05-08 14:18:20,0050,https://money.udn.com/money/story/12972/5443726,經濟日報,不是0050、0056！這些台股ETF「十倍速」吸金| 投資理財| 會員專區| 經濟日報 - 經濟日報,0.0
2021-05-12 07:00:00,0050,https://money.udn.com/money/story/5607/5451716?authlink,經濟日報,股民忙避險！元大台灣50反1量能破紀錄、衝台股第一 - 經濟日報,0.3
2021-05-25 07:00:00,0050,https://money.udn.com/money/story/5607/5484801,經濟日報,"0050人氣衝30萬大關 規模拚2,000億元 - 經濟日報",0.0
2021-05-25 11:22:22,0050,https://money.udn.com/money/story/5607/5484801,經濟日報,"0050人氣衝30萬大關 規模拚2,000億元 - 經濟日報",0.0
2021-05-26 07:35:07,0050,https://tw.stock.yahoo.com/news/%E5%9F%BA%E9%87%91-4%E6%9C%88%E5%8F%B0%E8%82%A1etf%E8%A6%8F%E6%A8%A1%E6%88%90%E9%95%B7%E7%8E%8B-0050-072800439.html,Yahoo奇摩股市,《基金》4月台股ETF規模成長王「0050」 - Yahoo奇摩股市,0.0
2021-06-02 07:00:00,0050,https://money.udn.com/money/story/5612/5504212,經濟日報,航運三雄拚進0050 法人估加碼萬張 - 經濟日報,0.3
2021-06-04 02:41:22,0050,https://money.udn.com/money/story/5607/5508278,經濟日報,運價強漲+拚進0050 滙豐上修長榮目標價至145元 - 經濟日報,0.3
2021-06-04 07:00:00,0050,https://money.udn.com/money/story/5607/5508278,經濟日報,運價強漲+拚進0050 滙豐上修長榮目標價至145元 - 經濟日報,0.3
2021-06-07 07:00:00,0050,https://tw.stock.yahoo.com/news/%E9%80%99%E6%AA%94%E6%89%93%E6%95%97%E5%A4%A7%E7%9B%A4-7%E5%8D%83%E5%A4%9A%E5%85%83%E5%85%A5%E6%89%8B%E5%B0%8F%E8%B3%87%E7%89%880050-064754411.html,Yahoo奇摩股市,這檔打敗大盤！ 7千多元入手小資版0050 - Yahoo奇摩股市,0.0
2021-06-08 01:44:21,0050,https://money.udn.com/money/story/5618/5516773,經濟日報,輸入指定序號 0050、0056、龍頭基金享零手續費 - 經濟日報,0.0
2021-06-08 06:47:54,0050,https://tw.stock.yahoo.com/news/%E9%80%99%E6%AA%94%E6%89%93%E6%95%97%E5%A4%A7%E7%9B%A4-7%E5%8D%83%E5%A4%9A%E5%85%83%E5%85%A5%E6%89%8B%E5%B0%8F%E8%B3%87%E7%89%880050-064754411.html,Yahoo奇摩股市,這檔打敗大盤！ 7千多元入手小資版0050 - Yahoo奇摩股市,0.0
2021-06-08 07:00:00,0050,https://money.udn.com/money/story/5618/5516773?from=edn_referralnews_story_ch5592,經濟日報,輸入指定序號0050、0056、龍頭基金享零手續費| 基金天地| 理財| 經濟日報 - 經濟日報,0.0
2021-06-08 07:00:00,0050,https://money.udn.com/money/story/5618/5516773,經濟日報,輸入指定序號0050、0056、龍頭基金享零手續費| 基金天地| 理財 - 經濟日報,0.0
2021-06-08 07:00:00,0050,https://money.udn.com/money/story/5618/5516773,經濟日報,輸入指定序號 0050、0056、龍頭基金享零手續費 - 經濟日報,0.0
2021-06-08 16:40:00,0050,https://ctee.com.tw/news/fund/471923.html,工商時報,台股ETF買氣旺0050最夯 - 工商時報,0.0
2021-06-09 07:00:00,0050,https://ctee.com.tw/news/fund/471923.html,工商時報,台股ETF買氣旺0050最夯 - 工商時報,0.0
2021-06-15 03:32:17,0050,https://ctee.com.tw/news/fund/474750.html,工商時報,定期定額0050投資戶數首度突破10萬戶 - 工商時報,0.0
2021-06-15 06:34:31,0050,https://ctee.com.tw/news/fund/474795.html,工商時報,台股ETF人氣王！0050稱冠00891大黑馬 - 工商時報,0.0
2021-06-15 07:00:00,0050,https://money.udn.com/money/story/5607/5534491,經濟日報,台股拚新高！0050搶先創二紀錄、報酬率衝600% | 市場焦點| 證券| 經濟日報 - 經濟日報,0.8
2021-06-15 07:00:00,0050,https://money.udn.com/money/story/5607/5534491,經濟日報,台股拚新高！0050搶先創二紀錄、報酬率衝600% | 市場焦點| 證券 - 經濟日報,0.8
2021-06-15 07:00:00,0050,https://money.udn.com/money/story/5607/5534491,經濟日報,台股拚新高！0050搶先創二紀錄、報酬率衝600% - 經濟日報,0.8
2021-06-15 07:00:00,0050,https://tw.stock.yahoo.com/news/%E8%88%AA%E9%81%8B%E8%82%A1%E7%99%BC%E5%A8%81-0050-%E6%96%B0%E9%A2%A8%E8%B2%8C-103713251.html,Yahoo奇摩股市,航運股發威 0050新風貌 - Yahoo奇摩股市,0.2
2021-06-15 07:00:00,0050,https://ctee.com.tw/news/fund/474795.html,工商時報,台股ETF人氣王！0050稱冠00891大黑馬 - 工商時報,0.0
2021-06-15 07:00:00,0050,https://ctee.com.tw/news/fund/474750.html,工商時報,定期定額0050投資戶數首度突破10萬戶 - 工商時報,0.0
2021-06-15 07:00:00,0050,https://tw.stock.yahoo.com/news/%E8%88%AA%E9%81%8B%E8%82%A1%E7%99%BC%E5%A8%81-0050-%E6%96%B0%E9%A2%A8%E8%B2%8C-103713251.html,Yahoo奇摩股市,航運股發威0050新風貌 - Yahoo奇摩股市,0.2
2021-06-15 11:35:22,0050,https://money.udn.com/money/story/5607/5534491,經濟日報,台股拚新高！0050搶先創二紀錄、報酬率衝600% - 經濟日報,0.8
2021-06-16 07:00:00,0050,https://money.udn.com/money/story/5607/5536952,經濟日報,搶先0050！這幾檔ETF投資航運股、最高權重近20% - 經濟日報,0.0
2021-06-21 06:25:34,0050,https://tw.stock.yahoo.com/news/%E5%AD%98%E8%82%A1%E6%97%8F%E6%96%B0%E9%81%B8%E6%93%87-%E9%80%996%E6%AA%94%E9%A3%9F%E5%93%81%E8%82%A1%E8%B3%BA%E8%B4%8F0050-062534644.html,Yahoo奇摩股市,存股族新選擇！這6檔食品股賺贏0050 - Yahoo奇摩股市,0.0
2021-06-21 06:25:34,0050,https://tw.stock.yahoo.com/news/%E5%AD%98%E8%82%A1%E6%97%8F%E6%96%B0%E9%81%B8%E6%93%87-%E9%80%996%E6%AA%94%E9%A3%9F%E5%93%81%E8%82%A1%E8%B3%BA%E8%B4%8F0050-062534644.html,Yahoo奇摩股市,存股族新選擇！這6檔食品股賺贏0050 | 股市- Yahoo奇摩行動版 - Yahoo奇摩股市,0.0
2021-06-21 23:45:03,0050,https://money.udn.com/money/story/12040/5545450,經濟日報,航運股發威、0050新風貌！理財老手預告跨過「這個關卡」，台股結構進入新時代！ - 經濟日報,0.3
2021-06-22 07:00:00,0050,https://money.udn.com/money/story/12972/5550536,經濟日報,基金百億狂買長榮0050、0056搶最兇| 投資理財| 會員專區| 經濟日報 - 經濟日報,0.3
2021-06-22 07:00:00,0050,https://money.udn.com/money/story/12040/5545450,經濟日報,航運股發威、0050新風貌！理財老手預告跨過「這個關卡」，台股結構進入新時代！ | 個人理財| 理財| 經濟日報 - 經濟日報,0.0
2021-06-22 07:00:00,0050,https://money.udn.com/money/story/12040/5545450,經濟日報,航運股發威、0050新風貌！理財老手預告跨過「這個關卡」，台股結構進入新時代！ | 個人理財| 理財 - 經濟日報,0.0
2021-06-22 07:00:00,0050,https://money.udn.com/money/story/12040/5545450,經濟日報,航運股發威、0050新風貌！理財老手預告跨過「這個關卡」，台股結構進入新時代！ - 經濟日報,0.3
2021-06-22 11:22:59,0050,https://money.udn.com/money/story/12972/5550536,經濟日報,基金百億狂買長榮0050、0056搶最兇| 投資理財| 會員專區| 經濟日報 - 經濟日報,0.3
2021-06-30 07:00:00,0050,https://money.udn.com/money/story/5607/5569261,經濟日報,規模衝1924億元！0050將挑戰首檔2000億級ETF | 市場焦點| 證券| 經濟日報 - 經濟日報,0.0
2021-06-30 07:00:00,0050,https://money.udn.com/money/story/5607/5569261,經濟日報,"規模衝1,924億元！0050將挑戰首檔2,000億級ETF | 市場焦點| 證券 - 經濟日報",0.0
2021-06-30 07:00:00,0050,https://money.udn.com/money/story/5607/5569261,經濟日報,"規模衝1,924億元！0050將挑戰首檔2,000億級ETF - 經濟日報",0.0
2021-06-30 12:28:11,0050,https://money.udn.com/money/story/5607/5569261?from=edn_catenewest_story,經濟日報,"規模衝1,924億元！0050將挑戰首檔2,000億級ETF - 經濟日報",0.0
2021-07-01 07:00:00,0050,https://tw.stock.yahoo.com/news/0050-%E5%8F%AF%E4%BB%A5%E8%80%83%E9%A7%95%E7%85%A7%E4%BA%86%EF%BC%9F%E6%88%90%E7%AB%8B%E6%BB%BF-18-%E5%B9%B4%E6%BB%BE%E5%8B%95%E5%A0%B1%E9%85%AC%EF%BC%9A-100-%E8%90%AC%E8%AE%8A%E6%88%90-350-%E8%90%AC%EF%BC%81-065858265.html,Yahoo奇摩股市,0050可以考駕照了？成立滿18年滾動報酬：100萬變成350萬！ - Yahoo奇摩股市,0.0
2021-07-02 07:00:00,0050,https://money.udn.com/money/story/5607/5574115,經濟日報,搶在0050之前！00714、00882公告配息率衝6%、8% - 經濟日報,0.0
2021-07-02 07:00:00,0050,https://tw.stock.yahoo.com/news/0050-%E5%8F%AF%E4%BB%A5%E8%80%83%E9%A7%95%E7%85%A7%E4%BA%86%EF%BC%9F%E6%88%90%E7%AB%8B%E6%BB%BF-18-%E5%B9%B4%E6%BB%BE%E5%8B%95%E5%A0%B1%E9%85%AC%EF%BC%9A-100-%E8%90%AC%E8%AE%8A%E6%88%90-350-%E8%90%AC%EF%BC%81-065858265.html,Yahoo奇摩股市,0050可以考駕照了？成立滿18年滾動報酬：100萬變成350萬！ - Yahoo奇摩股市,0.0
2021-07-03 19:53:22,0050,https://money.udn.com/money/story/5607/5576693,經濟日報,元大台灣50帶頭 ETF除息秀登場 - 經濟日報,0.0
2021-07-03 23:05:04,0050,https://tw.stock.yahoo.com/news/%E5%85%83%E5%A4%A7%E5%8F%B0%E7%81%A350%E5%B8%B6%E9%A0%AD-etf%E9%99%A4%E6%81%AF%E7%A7%80%E7%99%BB%E5%A0%B4-225034634.html,Yahoo奇摩股市,元大台灣50帶頭 ETF除息秀登場 - Yahoo奇摩股市,0.0
2021-07-06 07:00:00,0050,https://money.udn.com/money/story/5607/5582350,經濟日報,除權息遞延衝擊！0050將除息0.3元、殖利率0.2% - 經濟日報,-0.2
2021-07-08 07:00:00,0050,https://tw.stock.yahoo.com/news/%E5%8F%B0%E5%8C%97%E8%82%A1%E5%B8%82-%E5%85%83%E5%A4%A7%E5%8F%B0%E7%81%A350-%E6%AF%8F%E5%8F%97%E7%9B%8A%E6%AC%8A%E5%96%AE%E4%BD%8D%E4%BC%B0%E9%85%8D%E7%99%BC0-3%E5%85%83-082504119.html,Yahoo奇摩股市,《台北股市》元大台灣50 每受益權單位估配發0.3元 - Yahoo奇摩股市,0.2
2021-07-08 07:00:00,0050,https://money.udn.com/money/story/121853/5587447,經濟日報,【達人談投資】0050只配0.3元該參加除息嗎？專家建議這樣做| 達人帶路| 會員專區| 經濟日報 - 經濟日報,0.0
2021-07-08 08:25:04,0050,https://tw.stock.yahoo.com/news/%E5%8F%B0%E5%8C%97%E8%82%A1%E5%B8%82-%E5%85%83%E5%A4%A7%E5%8F%B0%E7%81%A350-%E6%AF%8F%E5%8F%97%E7%9B%8A%E6%AC%8A%E5%96%AE%E4%BD%8D%E4%BC%B0%E9%85%8D%E7%99%BC0-3%E5%85%83-082504119.html,Yahoo奇摩股市,《台北股市》元大台灣50 每受益權單位估配發0.3元 - Yahoo奇摩股市,0.2
2021-07-08 16:54:34,0050,https://money.udn.com/money/story/5739/5588753,經濟日報,元大台灣50 二檔俏 - 經濟日報,0.2
2021-07-09 03:54:19,0050,https://ctee.com.tw/wealth/tutor/486216.html,工商時報,1張0050尬8張00881！15萬資金怎買最賺? - 工商時報,0.0
2021-07-09 07:00:00,0050,https://ctee.com.tw/wealth/tutor/486216.html,工商時報,1張0050尬8張00881！15萬資金怎買最賺? - 工商時報,0.0
2021-07-09 09:47:52,0050,https://ctee.com.tw/wealth/tutor/486344.html,工商時報,0056、0050失色牛年最火ETF是這檔！ - 工商時報,0.0
2021-07-11 03:13:49,0050,https://ctee.com.tw/news/fund/486891.html,工商時報,0050配息縮水！施昇輝：秒填息何必賣？ - 工商時報,0.0
2021-07-12 23:50:59,0050,https://money.udn.com/money/story/12040/5594740,經濟日報,0050只配息0.3元，還適合存股嗎？三張表破解新手迷思：報酬率比領股息更重要 - 經濟日報,0.0
2021-07-12 23:53:29,0050,https://money.udn.com/money/story/12040/5594740,經濟日報,0050只配息0.3元，還適合存股嗎？三張表破解新手迷思：報酬率比領股息更重要 - 經濟日報,0.0
2021-07-12 23:53:29,0050,https://money.udn.com/money/story/12040/5594740,經濟日報,0050只配息0.3元，還適合存股嗎？三張表破解新手迷思：報酬率比領股息更重要| 個人理財| 理財 - 經濟日報,0.0
2021-07-12 23:53:29,0050,https://money.udn.com/money/story/12040/5594740,經濟日報,0050只配息0.3元，還適合存股嗎？三張表破解新手迷思：報酬率比領股息更重要| 個人理財| 理財| 經濟日報 - 經濟日報,0.0
2021-07-13 07:00:00,0050,https://money.udn.com/money/story/12040/5594740,經濟日報,0050只配息0.3元，還適合存股嗎？三張表破解新手迷思：報酬率比領股息更重要 - 經濟日報,0.0
2021-07-13 07:00:00,0050,https://money.udn.com/money/story/12040/5594740,經濟日報,0050只配息0.3元，還適合存股嗎？三張表破解新手迷思：報酬率比領股息更重要| 個人理財| 理財| 經濟日報 - 經濟日報,0.0
2021-07-13 07:00:00,0050,https://money.udn.com/money/story/12040/5594740,經濟日報,0050只配息0.3元，還適合存股嗎？三張表破解新手迷思：報酬率比領股息更重要| 個人理財| 理財 - 經濟日報,0.0
2021-07-14 00:59:18,0050,https://money.udn.com/money/story/5636/5599353,經濟日報,元大台灣50 ETF 持續領漲台股 - 經濟日報,0.2
2021-07-14 04:10:13,0050,https://ctee.com.tw/news/fund/488421.html,工商時報,6月定期定額投資再創高散戶最愛是0050 - 工商時報,0.0
2021-07-14 07:00:00,0050,https://ctee.com.tw/news/fund/488421.html,工商時報,6月定期定額投資再創高散戶最愛是0050 - 工商時報,0.0
2021-07-15 07:00:00,0050,https://tw.stock.yahoo.com/news/%E7%86%B1%E9%96%80%E6%97%8F%E7%BE%A4-%E5%B0%8F%E8%B3%87%E6%97%8F%E6%9C%80%E6%84%9B-0050%E8%A6%8F%E6%A8%A1%E7%BA%8C%E5%89%B5%E9%AB%98-001537142.html,Yahoo奇摩股市,《熱門族群》小資族最愛 0050規模續創高 - Yahoo奇摩股市,0.0
2021-07-15 16:50:00,0050,https://ctee.com.tw/news/stocks/489157.html,工商時報,小資族最愛0050規模續創高 - 工商時報,0.0
2021-07-16 00:15:37,0050,https://tw.stock.yahoo.com/news/%E7%86%B1%E9%96%80%E6%97%8F%E7%BE%A4-%E5%B0%8F%E8%B3%87%E6%97%8F%E6%9C%80%E6%84%9B-0050%E8%A6%8F%E6%A8%A1%E7%BA%8C%E5%89%B5%E9%AB%98-001537142.html,Yahoo奇摩股市,《熱門族群》小資族最愛 0050規模續創高 - Yahoo奇摩股市,0.0
2021-07-16 00:33:06,0050,https://tw.stock.yahoo.com/news/%E7%86%B1%E9%96%80%E6%97%8F%E7%BE%A4-%E5%B0%8F%E8%B3%87%E6%97%8F%E6%9C%80%E6%84%9B-0050%E8%A6%8F%E6%A8%A1%E7%BA%8C%E5%89%B5%E9%AB%98-001537142.html,Yahoo奇摩股市,《熱門族群》小資族最愛 0050規模續創高 - Yahoo奇摩股市,0.0
2021-07-16 07:00:00,0050,https://tw.stock.yahoo.com/news/%E7%86%B1%E9%96%80%E6%97%8F%E7%BE%A4-%E5%B0%8F%E8%B3%87%E6%97%8F%E6%9C%80%E6%84%9B-0050%E8%A6%8F%E6%A8%A1%E7%BA%8C%E5%89%B5%E9%AB%98-001537142.html,Yahoo奇摩股市,《熱門族群》小資族最愛 0050規模續創高 - Yahoo奇摩股市,0.0
2021-07-16 07:00:00,0050,https://ctee.com.tw/news/stocks/489157.html,工商時報,小資族最愛0050規模續創高 - 工商時報,0.0
2021-07-19 07:00:00,0050,https://money.udn.com/money/story/5607/5612239,經濟日報,0050第二階段配息增50元！21日將除息0.35元| 市場焦點| 證券| 經濟日報 - 經濟日報,0.0
2021-07-19 07:00:00,0050,https://money.udn.com/money/story/5607/5612239,經濟日報,0050第二階段配息增50元！21日將除息0.35元| 市場焦點| 證券 - 經濟日報,0.0
2021-07-19 07:00:00,0050,https://money.udn.com/money/story/5/5612239,經濟日報,0050第二階段配息增50元！21日將除息0.35元 - 經濟日報,0.0
2021-07-19 10:29:44,0050,https://money.udn.com/money/story/5/5612239,經濟日報,0050第二階段配息增50元！21日將除息0.35元 - 經濟日報,0.0
2021-07-21 01:36:27,0050,https://money.udn.com/money/story/5607/5616076,經濟日報,美股神助攻 0050連四年達陣「秒填息」 - 經濟日報,0.8
2021-07-21 16:28:18,0050,https://money.udn.com/money/story/5607/5617997?from=edn_stockmarket_index,經濟日報,元大台灣50 秒填息 - 經濟日報,0.2
2021-07-22 07:00:00,0050,https://money.udn.com/money/story/5607/5617997,經濟日報,元大台灣50 秒填息 - 經濟日報,0.2
2021-08-03 07:00:00,0050,https://money.udn.com/money/story/12972/5647806,經濟日報,奧運獎金這樣買0050、0056 年領200萬股息| 投資理財| 會員專區| 經濟日報 - 經濟日報,0.0
2021-08-03 07:00:00,0050,https://money.udn.com/money/story/12972/5647806,經濟日報,奧運獎金這樣買0050、0056 年領200萬股息| 投資理財| 會員專區 - 經濟日報,0.0
2021-08-03 10:12:21,0050,https://money.udn.com/money/story/12972/5647806,經濟日報,奧運獎金這樣買0050、0056 年領200萬股息| 投資理財| 會員專區| 經濟日報 - 經濟日報,0.0
2021-08-06 07:00:00,0050,https://tw.stock.yahoo.com/news/%E5%A5%A7%E9%81%8B%E9%87%91%E7%89%8C%E5%BE%97%E4%B8%BB%E4%B8%8D%E8%B2%B7-0050-%E6%94%B9%E8%B2%B7%E9%80%99%E6%AA%94%E5%9F%BA%E9%87%91-30-%E5%B9%B4%E5%BE%8C%E8%AE%8A-6-%E5%84%84%EF%BC%81-103137690.html,Yahoo奇摩股市,奧運金牌得主不買0050 改買這檔基金 30年後變6億！ - Yahoo奇摩股市,0.0
2021-08-06 10:31:37,0050,https://tw.stock.yahoo.com/news/%E5%A5%A7%E9%81%8B%E9%87%91%E7%89%8C%E5%BE%97%E4%B8%BB%E4%B8%8D%E8%B2%B7-0050-%E6%94%B9%E8%B2%B7%E9%80%99%E6%AA%94%E5%9F%BA%E9%87%91-30-%E5%B9%B4%E5%BE%8C%E8%AE%8A-6-%E5%84%84%EF%BC%81-103137690.html,Yahoo奇摩股市,奧運金牌得主不買0050 改買這檔基金 30年後變6億！ - Yahoo奇摩股市,0.0
2021-08-13 10:00:48,0050,https://tw.stock.yahoo.com/news/%E7%86%B1%E9%96%80%E6%97%8F%E7%BE%A4-%E5%B0%8F%E8%B3%87%E6%97%8F%E6%9C%80%E6%84%9B-0050%E8%A6%8F%E6%A8%A1%E7%BA%8C%E5%89%B5%E9%AB%98-001537142.html,Yahoo奇摩股市,《熱門族群》小資族最愛 0050規模續創高 - Yahoo奇摩股市,0.0
2021-08-15 07:00:00,0050,https://tw.stock.yahoo.com/news/%E5%9F%BA%E9%87%91-%E5%B0%8F%E8%B3%87%E5%AE%9A%E6%9C%9F%E5%AE%9A%E9%A1%8D-%E6%9C%80%E6%84%9B0050-0056-001034614.html,Yahoo奇摩股市,《基金》小資定期定額最愛0050、0056 - Yahoo奇摩股市,0.0
2021-08-15 07:00:00,0050,https://tw.stock.yahoo.com/news/%E5%9F%BA%E9%87%91-%E5%B0%8F%E8%B3%87%E5%AE%9A%E6%9C%9F%E5%AE%9A%E9%A1%8D-%E6%9C%80%E6%84%9B0050-0056-001034614.html,Yahoo奇摩股市,《基金》小資定期定額 最愛0050、0056 - Yahoo奇摩股市,0.0
2021-08-15 16:50:00,0050,https://ctee.com.tw/news/stocks/502795.html,工商時報,小資定期定額最愛0050、0056 - 工商時報,0.0
2021-08-16 00:10:34,0050,https://tw.stock.yahoo.com/news/%E5%9F%BA%E9%87%91-%E5%B0%8F%E8%B3%87%E5%AE%9A%E6%9C%9F%E5%AE%9A%E9%A1%8D-%E6%9C%80%E6%84%9B0050-0056-001034614.html,Yahoo奇摩股市,《基金》小資定期定額 最愛0050、0056 - Yahoo奇摩股市,0.0
2021-08-16 07:00:00,0050,https://ctee.com.tw/news/stocks/502795.html,工商時報,小資定期定額最愛0050、0056 - 工商時報,0.0
2021-08-16 07:00:00,0050,https://tw.stock.yahoo.com/news/%E5%9F%BA%E9%87%91-%E5%B0%8F%E8%B3%87%E5%AE%9A%E6%9C%9F%E5%AE%9A%E9%A1%8D-%E6%9C%80%E6%84%9B0050-0056-001034614.html,Yahoo奇摩股市,《基金》小資定期定額 最愛0050、0056 - Yahoo奇摩股市,0.0
2021-08-21 16:32:37,0050,https://money.udn.com/money/story/5618/5690280,經濟日報,元大台灣50 宜短打| 基金天地| 理財| 經濟日報 - 經濟日報,0.2
2021-08-21 16:32:37,0050,https://money.udn.com/money/story/5618/5690280?from=edn_catenewest_story,經濟日報,元大台灣50 宜短打 - 經濟日報,-0.3
2021-08-21 16:34:56,0050,https://money.udn.com/money/story/5618/5690280?from=edn_catenewest_story,經濟日報,元大台灣50 宜短打 - 經濟日報,-0.3
2021-08-22 07:00:00,0050,https://money.udn.com/money/story/5618/5690280?from=edn_catenewest_story,經濟日報,元大台灣50 宜短打 - 經濟日報,-0.3
2021-08-23 04:45:38,0050,https://tw.stock.yahoo.com/news/%E5%B0%8F%E5%AD%B8%E7%94%9F%E4%B9%9F%E7%98%8B%E8%B2%B7%E8%82%A1-%E8%B6%85%E7%8B%82-%E5%AE%B6%E9%95%B7%E6%9C%83%E9%95%B7%E7%8D%8E-%E9%80%810050-%E6%9D%8E%E5%85%86%E8%8F%AF%E5%A4%A7%E8%AE%9A-100100472.html,Yahoo奇摩股市,小學生也瘋買股？超狂「家長會長獎」送0050 李兆華大讚 - Yahoo奇摩股市,0.2
2021-08-29 03:31:00,0050,https://ctee.com.tw/news/stocks/509377.html,工商時報,0050VS中華電存股選它股息價差兩頭賺 - 工商時報,0.0
2021-08-29 07:00:00,0050,https://ctee.com.tw/news/stocks/509377.html,工商時報,0050VS中華電存股選它股息價差兩頭賺 - 工商時報,0.0
2021-09-01 23:37:03,0050,https://ctee.com.tw/news/fund/511367.html,工商時報,不靠台積電？國民ETF 0050再戰填息 - 工商時報,0.0
2021-09-02 07:00:00,0050,https://ctee.com.tw/news/fund/511367.html,工商時報,不靠台積電？國民ETF 0050再戰填息 - 工商時報,0.0
2021-09-04 07:00:00,0050,https://ctee.com.tw/wealth/tutor/512690.html,工商時報,台股3次暴殺網友無腦買0050獲利曝光 - 工商時報,-0.2
2021-09-04 11:06:24,0050,https://ctee.com.tw/wealth/tutor/512690.html,工商時報,台股3次暴殺網友無腦買0050獲利曝光 - 工商時報,-0.2
2021-09-04 16:00:05,0050,https://money.udn.com/money/story/5886/5722796,經濟日報,元大台灣50 伺機布局 - 經濟日報,0.2
2021-09-05 07:00:00,0050,https://money.udn.com/money/story/5618/5722796,經濟日報,元大台灣50 伺機布局 - 經濟日報,0.2
2021-09-06 03:02:26,0050,https://money.udn.com/money/story/5607/5724974?from=edn_breaknewstab_index,經濟日報,0050達陣上半年填息！總報酬率衝破600% | 市場焦點| 證券| 經濟日報 - 經濟日報,0.0
2021-09-06 03:02:26,0050,https://money.udn.com/money/story/5607/5724974?from=edn_breaknewstab_index,經濟日報,0050達陣上半年填息！總報酬率衝破600% - 經濟日報,0.0
2021-09-06 07:00:00,0050,https://money.udn.com/money/story/5607/5724974,經濟日報,0050達陣上半年填息！總報酬率衝破600% - 經濟日報,0.0
2021-09-06 07:00:00,0050,https://ctee.com.tw/news/fund/513355.html,工商時報,長榮友達拖垮0056 砍光換0050？網戰翻 - 工商時報,-0.2
2021-09-06 08:12:46,0050,https://ctee.com.tw/news/fund/513355.html,工商時報,長榮友達拖垮0056 砍光換0050？網戰翻 - 工商時報,-0.2
2021-09-11 07:12:00,0050,https://tw.stock.yahoo.com/news/%E5%9F%BA%E9%87%91-%E5%B0%8F%E8%B3%87%E5%AE%9A%E6%9C%9F%E5%AE%9A%E9%A1%8D-%E6%9C%80%E6%84%9B0050-0056-001034614.html,Yahoo奇摩股市,《基金》小資定期定額 最愛0050、0056 - Yahoo奇摩股市,0.0
2021-09-11 17:04:41,0050,https://money.udn.com/money/story/5618/5739607,經濟日報,元大台灣50 偏多操作 - 經濟日報,0.3
2021-09-11 23:18:04,0050,https://tw.stock.yahoo.com/news/%E5%9F%BA%E9%87%91-%E5%B0%8F%E8%B3%87%E5%AE%9A%E6%9C%9F%E5%AE%9A%E9%A1%8D-%E6%9C%80%E6%84%9B0050-0056-001034614.html,Yahoo奇摩股市,《基金》小資定期定額 最愛0050、0056 - Yahoo奇摩股市,0.0
2021-09-12 06:33:12,0050,https://tw.stock.yahoo.com/news/%E5%9F%BA%E9%87%91-%E5%B0%8F%E8%B3%87%E5%AE%9A%E6%9C%9F%E5%AE%9A%E9%A1%8D-%E6%9C%80%E6%84%9B0050-0056-001034614.html,Yahoo奇摩股市,《基金》小資定期定額 最愛0050、0056 - Yahoo奇摩股市,0.0
2021-09-12 07:00:00,0050,https://money.udn.com/money/story/5618/5739607?from=edn_catenewest_story,經濟日報,元大台灣50 偏多操作 - 經濟日報,0.3
2021-09-15 07:00:00,0050,https://ctee.com.tw/news/fund/517939.html,工商時報,8月定期定額台積跌破5萬戶0050續創高 - 工商時報,0.2
2021-09-15 07:28:21,0050,https://ctee.com.tw/news/fund/517939.html,工商時報,8月定期定額台積跌破5萬戶0050續創高 - 工商時報,0.2
2021-09-15 16:50:00,0050,https://ctee.com.tw/news/stocks/518324.html,工商時報,券商承作定期定額0050續衝高 - 工商時報,0.0
2021-09-16 07:00:00,0050,https://ctee.com.tw/news/stocks/518324.html,工商時報,券商承作定期定額0050續衝高 - 工商時報,0.0
2021-09-18 03:35:07,0050,https://tw.stock.yahoo.com/news/%E5%9F%BA%E9%87%91-%E5%B0%8F%E8%B3%87%E5%AE%9A%E6%9C%9F%E5%AE%9A%E9%A1%8D-%E6%9C%80%E6%84%9B0050-0056-001034614.html,Yahoo奇摩股市,《基金》小資定期定額 最愛0050、0056 - Yahoo奇摩股市,0.0
2021-09-18 16:36:00,0050,https://money.udn.com/money/story/73/5756379,經濟日報,元大台灣50 宜續抱 - 經濟日報,0.2
2021-09-18 22:15:30,0050,https://tw.stock.yahoo.com/news/%E5%9F%BA%E9%87%91-%E5%B0%8F%E8%B3%87%E5%AE%9A%E6%9C%9F%E5%AE%9A%E9%A1%8D-%E6%9C%80%E6%84%9B0050-0056-001034614.html,Yahoo奇摩股市,《基金》小資定期定額 最愛0050、0056 - Yahoo奇摩股市,0.0
2021-09-19 07:00:00,0050,https://money.udn.com/money/story/5618/5756379,經濟日報,元大台灣50 宜續抱 - 經濟日報,0.2
2021-09-19 22:34:56,0050,https://tw.stock.yahoo.com/news/%E5%9F%BA%E9%87%91-%E5%B0%8F%E8%B3%87%E5%AE%9A%E6%9C%9F%E5%AE%9A%E9%A1%8D-%E6%9C%80%E6%84%9B0050-0056-001034614.html,Yahoo奇摩股市,《基金》小資定期定額 最愛0050、0056 - Yahoo奇摩股市,0.0
2021-09-25 15:26:16,0050,https://money.udn.com/money/story/5618/5771521,經濟日報,元大台灣50 橫盤震盪 - 經濟日報,0.0
2021-10-01 03:32:45,0050,https://money.udn.com/money/story/121853/5785178,經濟日報,擠下0050、0056 這幾檔可望成為新國民ETF | 達人帶路| 會員專區| 經濟日報 - 經濟日報,0.0
2021-10-01 06:12:26,0050,https://money.udn.com/money/story/122375/5785769,經濟日報,擠下0050、0056 這幾檔可望成為新國民ETF | 行家心法| 理財| 經濟日報 - 經濟日報,0.0
2021-10-01 07:00:00,0050,https://money.udn.com/money/story/122375/5785769,經濟日報,擠下0050、0056 這幾檔可望成為新國民ETF | 行家心法| 理財 - 經濟日報,0.0
2021-10-01 07:00:00,0050,https://money.udn.com/money/story/122375/5785769,經濟日報,擠下0050、0056 這幾檔可望成為新國民ETF | 行家心法| 理財| 經濟日報 - 經濟日報,0.0
2021-10-02 07:00:00,0050,https://money.udn.com/money/story/5618/5788419,經濟日報,元大台灣50 謹慎操作 - 經濟日報,-0.2
2021-10-02 15:11:49,0050,https://money.udn.com/money/story/5618/5788419,經濟日報,元大台灣50 謹慎操作 - 經濟日報,-0.2
2021-10-02 23:26:00,0050,https://ctee.com.tw/wealth/tutor/526168.html,工商時報,怕績效輸大盤買0050還要關注成分股？達人完整分析曝光 - 工商時報,0.0
2021-10-03 05:26:29,0050,https://ctee.com.tw/wealth/tutor/526168.html,工商時報,怕績效輸大盤買0050還要關注成分股？達人完整分析曝光 - 工商時報,0.0
2021-10-03 07:00:00,0050,https://ctee.com.tw/wealth/tutor/526168.html,工商時報,怕績效輸大盤買0050還要關注成分股？達人完整分析曝光 - 工商時報,0.0
2021-10-09 16:58:06,0050,https://money.udn.com/money/story/5618/5805764,經濟日報,元大台灣50 整理格局 - 經濟日報,0.0
2021-10-10 07:00:00,0050,https://money.udn.com/money/story/5618/5805764,經濟日報,元大台灣50 整理格局 - 經濟日報,0.0
2021-10-14 07:00:00,0050,https://tw.stock.yahoo.com/news/%E5%9F%BA%E9%87%91%E8%AC%9B%E5%A0%82-%E6%8A%95%E8%B3%870050%E4%B8%8D%E7%AD%89%E6%96%BC%E5%8F%96%E5%BE%97%E5%8F%B0%E8%82%A1%E6%95%B4%E9%AB%94%E5%A0%B1%E9%85%AC-215943272.html,Yahoo奇摩股市,【基金講堂】投資0050不等於取得台股整體報酬 - Yahoo奇摩股市,0.0
